{
  "list": [
    { "title": "Dr Strange", "power": 6, "city": "New York" },
    { "title": "Ironman", "power": 3, "city": "Mumbai" },
    { "title": "Black Widow", "power": 9, "city": "New York" },
    { "title": "Hulk", "power": 10, "city": "Mumbai" },
    { "title": "Scarlet Witch", "power": 9, "city": "New York" },
    { "title": "Scarlet Witch", "power": 0, "city": "Singapore" },
    { "title": "Hulk", "power": 5, "city": "Singapore" },
    { "title": "Hulk", "power": 5, "city": "Singapore" },
    { "title": "Scarlet Witch", "power": 3, "city": "New York" },
    { "title": "Dr Strange", "power": 9, "city": "Bangalore" },
    { "title": "Thor", "power": 2, "city": "Mumbai" },
    { "title": "Black Widow", "power": 0, "city": "Singapore" },
    { "title": "Thor", "power": 4, "city": "Mumbai" },
    { "title": "Black Widow", "power": 6, "city": "Mumbai" },
    { "title": "Hulk", "power": 8, "city": "Singapore" },
    { "title": "Scarlet Witch", "power": 8, "city": "Mumbai" },
    { "title": "Dr Strange", "power": 6, "city": "Singapore" },
    { "title": "Ironman", "power": 2, "city": "Bangalore" },
    { "title": "Hulk", "power": 8, "city": "Mumbai" },
    { "title": "Thor", "power": 5, "city": "Mumbai" },
    { "title": "Thor", "power": 8, "city": "New York" },
    { "title": "Scarlet Witch", "power": 2, "city": "Mumbai" },
    { "title": "Ironman", "power": 8, "city": "New York" },
    { "title": "Ironman", "power": 3, "city": "New York" },
    { "title": "Thor", "power": 5, "city": "New York" },
    { "title": "Dr Strange", "power": 4, "city": "Bangalore" },
    { "title": "Thor", "power": 4, "city": "Mumbai" },
    { "title": "Thor", "power": 7, "city": "New York" },
    { "title": "Ironman", "power": 5, "city": "Bangalore" },
    { "title": "Hulk", "power": 9, "city": "Mumbai" },
    { "title": "Hulk", "power": 1, "city": "Singapore" },
    { "title": "Thor", "power": 3, "city": "Bangalore" },
    { "title": "Dr Strange", "power": 4, "city": "Mumbai" },
    { "title": "Ironman", "power": 1, "city": "Mumbai" },
    { "title": "Hulk", "power": 9, "city": "Singapore" },
    { "title": "Scarlet Witch", "power": 4, "city": "New York" },
    { "title": "Hulk", "power": 7, "city": "Mumbai" },
    { "title": "Thor", "power": 2, "city": "Bangalore" },
    { "title": "Thor", "power": 9, "city": "Singapore" },
    { "title": "Scarlet Witch", "power": 5, "city": "Mumbai" },
    { "title": "Dr Strange", "power": 8, "city": "Mumbai" },
    { "title": "Hulk", "power": 9, "city": "Singapore" },
    { "title": "Dr Strange", "power": 7, "city": "Bangalore" },
    { "title": "Thor", "power": 10, "city": "Mumbai" },
    { "title": "Scarlet Witch", "power": 9, "city": "New York" },
    { "title": "Thor", "power": 9, "city": "Bangalore" },
    { "title": "Dr Strange", "power": 5, "city": "Mumbai" },
    { "title": "Dr Strange", "power": 5, "city": "Singapore" },
    { "title": "Thor", "power": 2, "city": "Bangalore" },
    { "title": "Black Widow", "power": 6, "city": "Bangalore" }
  ]
}
